id,ph,pa,pna,pp,nodule,nodule_type11,nodule_type10,mb,drusen,sfct,mcvd,dls,irf,srf,rpei,peds,pedf,pedsa,peda,pedn,pedp,pedh,mped,bs,pachychoroid,polyps,cvh,gld,pcnv,tpcv
C2018051704401,F,F,F,T,F,F,F,T,F,242,197,T,T,T,F,F,F,T,F,T,F,555,T,F,F,F,F,3540,T,F
C2018051704501,F,T,F,F,T,T,F,T,F,250,197,T,F,T,F,F,F,F,T,F,F,150,T,F,T,T,T,4576,F,T
C2018051704701,T,F,T,F,T,T,F,F,T,282,248,T,T,F,F,F,T,F,F,F,F,124,T,F,T,T,F,5834,T,F
C2018051704801,T,F,T,F,F,F,F,F,T,357,336,T,T,T,F,T,F,F,F,F,T,651,T,T,T,T,F,11100,F,T
C2018051704901,F,T,F,F,F,F,F,T,F,196,209,T,T,F,F,F,F,F,T,T,T,327,T,T,T,F,F,14100,T,F
C2018051705001,F,F,F,T,F,F,F,T,T,315,258,T,F,T,F,F,F,F,T,T,T,1363,T,T,T,F,T,6459,T,F
C2018051705101,F,T,F,F,F,F,F,F,T,269,193,F,F,T,T,T,F,F,F,T,T,697,F,T,T,F,F,4647,F,T
C2018051705201,T,F,T,F,T,F,T,T,F,316,240,T,F,T,F,F,F,T,F,F,T,641,F,F,T,F,T,6000,F,T
C2018051705501,F,F,F,T,T,F,T,T,F,186,174,T,F,T,F,F,F,F,T,T,T,689,T,T,T,T,T,5873,T,F
C2018051705601,F,F,F,T,T,F,T,T,T,191,156,T,T,T,F,F,F,F,T,T,T,589,T,T,F,F,F,9441,F,T
C2018051705801,T,F,T,F,F,F,F,T,T,118,114,F,T,T,F,F,F,F,F,F,F,284,F,F,F,F,F,1904,T,F
C2018051705901,F,F,T,F,T,T,F,T,T,98,116,F,F,T,F,F,F,F,T,F,F,434,F,F,T,F,T,3596,F,T
C2018051706001,F,F,F,T,T,T,F,F,F,261,200,T,F,F,F,F,T,F,F,F,F,99,F,F,T,F,T,7500,F,T
C2018051706101,F,F,F,T,NA,NA,NA,NA,NA,359,270,T,F,F,F,F,T,F,F,F,T,288,T,T,T,F,T,4462,F,T
C2018051706301,F,F,F,T,F,F,F,F,T,122,116,T,F,T,F,F,T,F,F,F,F,155,F,F,F,T,T,2570,T,F
C2018051706401,T,F,T,F,F,F,F,F,F,286,166,F,F,T,F,T,F,F,F,F,T,1082,F,F,T,F,F,3849,F,T
C2018051706601,T,F,T,F,F,F,F,T,F,257,164,F,F,T,F,F,F,F,T,F,T,524,F,F,T,F,F,13700,T,F
C2018051706801,T,F,T,F,T,F,T,T,F,475,324,T,F,T,F,F,F,F,T,T,T,755,F,F,T,F,T,3175,F,T
C2018051706901,F,F,F,T,F,F,F,T,T,153,206,T,F,F,F,T,F,F,F,F,T,275,T,T,T,T,F,4980,T,F
C2018051707001,T,F,T,F,T,F,T,T,F,266,218,F,F,F,T,F,F,F,T,T,T,589,F,T,T,F,F,3083,F,T
C2018051707201,F,T,F,F,T,F,T,F,T,260,146,T,F,T,F,F,T,F,F,F,F,83,F,T,T,T,T,2042,T,F
C2018051707401,T,F,T,F,F,F,F,T,F,309,211,T,F,T,F,F,F,F,T,T,T,532,T,T,T,F,T,4672,F,T
C2018051707501,T,F,T,F,T,T,F,T,F,182,266,T,T,T,F,F,F,F,T,T,F,567,F,F,T,F,F,5024,F,T
C2018051707601,T,F,F,T,NA,NA,NA,NA,NA,163,170,T,T,T,F,T,F,F,F,F,F,124,T,T,T,F,F,2585,F,T
C2018051707801,F,F,F,T,T,F,T,F,F,490,374,T,F,F,F,F,F,T,F,T,T,329,T,T,T,T,F,10300,T,F
C2018051708201,T,T,F,F,T,F,T,T,T,213,163,T,T,T,F,F,T,F,F,T,T,581,T,F,F,F,F,3510,T,F
C2018051708301,T,F,T,F,F,F,F,F,T,292,198,T,T,T,F,T,F,F,F,T,F,150,T,F,T,T,F,2334,T,F
C2018051708401,T,F,T,F,F,F,F,T,F,317,120,T,T,T,F,T,F,F,F,F,T,285,F,T,T,T,F,2449,T,F
C2018051708601,T,F,T,F,T,T,F,F,T,176,165,T,T,T,F,F,T,F,F,T,T,269,T,T,T,T,F,10400,T,F
C2018051708701,F,F,T,F,F,F,F,F,T,265,227,T,F,T,F,T,F,F,F,T,T,206,F,T,T,F,F,3088,F,T
C2018051708801,T,F,T,F,T,F,T,F,T,325,204,T,F,T,F,T,F,F,F,T,T,234,T,T,T,F,F,3670,F,T
C2018051708901,F,F,F,T,F,F,F,T,F,134,114,T,F,T,F,F,F,T,F,F,F,548,T,F,F,F,F,2308,T,F
C2018051709001,T,F,T,F,T,T,F,F,T,272,298,T,T,T,F,F,T,F,F,F,F,404,F,T,T,F,T,629,F,T
C2018051709101,F,T,F,F,F,F,F,T,F,234,184,T,F,F,T,F,F,F,T,T,T,524,T,T,F,F,F,6481,T,F
C2018051709201,F,T,F,F,T,F,T,T,F,243,152,T,F,T,F,F,F,F,T,F,F,1040,T,T,F,T,F,9832,T,F
C2018051709301,F,T,F,F,T,F,T,F,F,246,172,T,F,T,F,F,T,F,F,T,T,206,T,T,T,T,F,4861,T,F
C2018051709501,T,F,T,F,F,F,F,F,T,319,297,T,F,T,F,T,F,F,F,F,T,124,T,T,T,T,F,4639,T,F
C2018051709601,T,F,T,F,F,F,F,T,T,263,257,T,T,T,F,F,F,F,T,T,T,301,T,T,T,T,F,6750,T,F
C2018051709901,F,F,F,T,F,F,F,F,T,343,252,T,T,T,F,F,T,F,F,F,T,281,T,T,T,T,T,5526,T,F
C2018051710001,T,F,T,F,T,F,T,F,T,328,241,T,F,T,F,T,F,F,F,T,T,204,T,T,T,T,F,3323,F,T
C2018051710201,F,T,F,F,T,F,T,T,T,347,213,T,F,T,F,F,F,F,T,T,T,418,F,T,T,F,F,5980,F,T
C2018051710301,T,F,T,F,F,F,F,F,T,276,172,T,F,T,F,T,F,F,F,F,T,717,T,T,T,F,T,6890,F,T
C2018051710401,F,F,F,T,T,F,T,T,F,243,194,T,T,T,F,F,F,F,T,T,F,1095,T,T,T,F,T,5392,F,T
C2018051710601,T,F,T,F,T,F,T,F,T,278,212,T,F,T,F,F,T,F,F,F,F,140,T,T,T,F,NA,3413,F,T
C2018051710701,F,F,T,F,NA,NA,NA,NA,NA,249,166,F,F,T,F,F,F,F,T,T,T,178,T,T,T,T,F,2160,F,T
C2018051710801,T,F,T,F,T,F,T,T,T,262,189,T,F,T,F,F,F,F,T,F,T,264,T,T,T,F,T,5285,F,T
C2018051711101,T,F,T,F,NA,NA,NA,NA,NA,330,185,T,F,T,F,T,F,F,F,T,T,590,F,T,T,F,F,4171,F,T
C2018051711201,F,F,T,F,F,F,F,T,T,268,188,T,T,T,F,F,F,T,F,T,F,534,T,T,F,F,T,5970,T,F
C2018051711301,T,F,T,F,T,T,F,T,T,161,134,T,F,F,F,F,T,F,F,F,T,186,T,T,T,T,T,3795,T,F
C2018051711401,F,F,F,T,F,F,F,F,T,172,97,T,T,T,F,F,T,F,F,F,F,307,F,F,T,T,F,7153,T,F
C2018051711501,F,F,T,F,T,T,F,T,T,332,188,T,F,T,F,F,T,F,F,T,T,628,T,T,F,T,F,6039,T,F
C2018051711601,F,T,F,F,T,F,T,F,F,252,193,T,F,T,F,F,T,F,F,T,T,447,T,T,T,F,T,5338,T,F
C2018051711701,T,F,T,F,F,F,F,F,F,300,199,T,F,T,F,F,T,F,F,T,T,584,T,T,T,T,F,7517,T,F
C2018051712001,F,F,F,T,T,F,T,F,F,235,175,T,F,T,F,F,T,F,F,T,T,203,T,T,T,F,T,3813,F,T
C2018051712201,F,F,F,T,T,T,F,T,T,171,127,T,F,T,F,F,T,F,F,F,T,254,T,T,F,F,F,1663,T,F
C2018051712301,F,T,F,F,F,F,F,T,F,250,186,T,F,F,F,F,T,F,F,T,T,135,T,F,T,T,T,11200,T,F
C2018051712401,F,T,F,F,T,T,F,T,F,214,267,T,T,T,F,F,F,F,T,T,T,461,T,F,T,F,T,8696,F,T
C2018051712601,T,F,T,F,T,T,F,T,F,247,160,T,T,T,F,F,F,T,F,T,T,409,T,T,F,F,F,3888,T,F
C2018051712901,T,F,T,F,F,F,F,F,T,149,151,T,T,F,F,F,T,F,F,F,F,234,F,F,F,T,T,4500,T,F
C2018051713001,T,F,T,F,T,T,F,T,T,227,147,T,T,T,F,F,F,F,T,F,T,138,T,T,T,T,T,3640,T,F
C2018051713201,T,F,T,F,F,F,F,F,T,337,174,T,F,T,T,T,F,F,F,T,T,683,F,T,T,F,F,3559,T,F
C2018051713301,T,F,T,F,T,T,F,T,F,218,167,F,F,T,F,F,F,F,T,T,T,435,T,T,T,F,F,3932,F,T
C2018051713601,T,F,T,F,T,F,T,F,F,278,226,T,F,T,F,F,T,F,F,T,T,388,T,T,T,T,F,6287,T,F
C2018051713701,F,T,F,F,F,F,F,F,T,156,95,T,T,F,F,F,T,F,F,F,F,509,F,F,F,T,F,15300,T,F
C2018051713801,T,F,T,F,T,T,F,T,F,263,213,T,T,T,F,F,F,F,T,F,F,471,F,F,F,F,T,2630,T,F
C2018051713901,T,F,T,F,T,F,T,T,T,215,167,T,T,T,F,F,F,F,T,T,T,699,F,T,F,T,F,2490,T,F
C2018051714101,T,F,T,F,F,F,F,F,T,259,192,F,F,T,F,T,F,F,F,F,T,825,F,F,T,F,F,2854,F,T
C2018051714201,T,F,T,F,T,T,F,T,F,268,145,T,T,T,F,F,F,F,T,F,F,57,F,F,T,T,T,3666,T,F
C2018051714301,T,F,T,F,F,F,F,F,T,196,171,T,F,T,F,F,T,F,F,F,T,231,F,F,F,T,T,3215,T,F
